{
  "best_global_step": null,
  "best_metric": null,
  "best_model_checkpoint": null,
  "epoch": 2.0,
  "eval_steps": 500,
  "global_step": 20,
  "is_hyper_param_search": false,
  "is_local_process_zero": true,
  "is_world_process_zero": true,
  "log_history": [
    {
      "epoch": 1.0,
      "grad_norm": 0.8212690353393555,
      "learning_rate": 0.00011000000000000002,
      "loss": 0.9950128555297851,
      "step": 10
    },
    {
      "epoch": 2.0,
      "grad_norm": 0.9808797836303711,
      "learning_rate": 1e-05,
      "loss": 0.7543185234069825,
      "step": 20
    }
  ],
  "logging_steps": 10,
  "max_steps": 20,
  "num_input_tokens_seen": 0,
  "num_train_epochs": 2,
  "save_steps": 500,
  "stateful_callbacks": {
    "TrainerControl": {
      "args": {
        "should_epoch_stop": false,
        "should_evaluate": false,
        "should_log": false,
        "should_save": true,
        "should_training_stop": true
      },
      "attributes": {}
    }
  },
  "total_flos": 31814823444480.0,
  "train_batch_size": 1,
  "trial_name": null,
  "trial_params": null
}
